{
  "XGBoost": {
    "accuracy": 0.6864396168534401,
    "precision": 0.689210643297136,
    "recall": 0.6793314972458688,
    "f1_score": 0.6842354127919806
  },
  "Logistic_Regression": {
    "accuracy": 0.664183309334502,
    "precision": 0.6640615230711516,
    "recall": 0.6648097145718578,
    "f1_score": 0.664435408195183
  },
  "MLP": {
    "accuracy": 0.6916984912039066,
    "precision": 0.6936840108743757,
    "recall": 0.6867801702553831,
    "f1_score": 0.690214827163212
  }
}